<TextureAtlas imagePath="sprites.png">
	<SubTexture name="CharacterIcon_Blue_Left.png" x="571" y="1289" width="20" height="20"/>
	<SubTexture name="CharacterIcon_Blue_Right.png" x="551" y="1289" width="20" height="20"/>
	<SubTexture name="CharacterIcon_Brown_Left.png" x="489" y="1289" width="21" height="20"/>
	<SubTexture name="CharacterIcon_Brown_Right.png" x="510" y="1289" width="21" height="20"/>
	<SubTexture name="CharacterIcon_Green.png" x="444" y="1292" width="23" height="21"/>
	<SubTexture name="CharacterIcon_LightBlue_Left.png" x="467" y="1292" width="22" height="22"/>
	<SubTexture name="CharacterIcon_LightBlue_Right.png" x="398" y="1292" width="23" height="22"/>
	<SubTexture name="CharacterIcon_Pink_Left.png" x="64" y="1301" width="16" height="16"/>
	<SubTexture name="CharacterIcon_Pink_Right.png" x="80" y="1301" width="16" height="16"/>
	<SubTexture name="CharacterIcon_Purple.png" x="96" y="1301" width="14" height="13"/>
	<SubTexture name="CharacterIcon_Red_Left.png" x="603" y="298" width="20" height="20"/>
	<SubTexture name="CharacterIcon_Red_Right.png" x="531" y="1289" width="20" height="20"/>
	<SubTexture name="CharacterIcon_White_Left.png" x="28" y="1301" width="18" height="18"/>
	<SubTexture name="CharacterIcon_White_Right.png" x="46" y="1301" width="18" height="18"/>
	<SubTexture name="CharacterIcon_Yellow_Left.png" x="722" y="459" width="24" height="24"/>
	<SubTexture name="CharacterIcon_Yellow_Right.png" x="421" y="1292" width="23" height="24"/>
	<SubTexture name="JumpLeft_LightBlue.png" x="0" y="310" width="123" height="166"/>
	<SubTexture name="JumpLeft_MouthOpen_Blue.png" x="243" y="165" width="120" height="165"/>
	<SubTexture name="JumpLeft_MouthOpen_Brown.png" x="369" y="0" width="120" height="161"/>
	<SubTexture name="JumpLeft_MouthOpen_Green.png" x="601" y="657" width="120" height="166"/>
	<SubTexture name="JumpLeft_MouthOpen_Pink.png" x="601" y="823" width="120" height="163"/>
	<SubTexture name="JumpLeft_MouthOpen_Purple.png" x="602" y="322" width="120" height="161"/>
	<SubTexture name="JumpLeft_MouthOpen_Red.png" x="609" y="0" width="120" height="166"/>
	<SubTexture name="JumpLeft_MouthOpen_White.png" x="720" y="986" width="120" height="164"/>
	<SubTexture name="JumpLeft_Smile_Blue.png" x="720" y="1150" width="120" height="165"/>
	<SubTexture name="JumpLeft_Smile_Brown.png" x="721" y="483" width="120" height="161"/>
	<SubTexture name="JumpLeft_Smile_Green.png" x="721" y="644" width="120" height="166"/>
	<SubTexture name="JumpLeft_Smile_Pink.png" x="721" y="810" width="120" height="163"/>
	<SubTexture name="JumpLeft_Smile_Purple.png" x="722" y="166" width="120" height="161"/>
	<SubTexture name="JumpLeft_Smile_Red.png" x="729" y="0" width="120" height="166"/>
	<SubTexture name="JumpLeft_Smile_White.png" x="840" y="973" width="120" height="164"/>
	<SubTexture name="JumpLeft_Yellow.png" x="0" y="0" width="129" height="155"/>
	<SubTexture name="JumpRight_LightBlue.png" x="0" y="476" width="122" height="166"/>
	<SubTexture name="JumpRight_MouthOpen_Blue.png" x="840" y="1137" width="120" height="165"/>
	<SubTexture name="JumpRight_MouthOpen_Brown.png" x="361" y="636" width="120" height="161"/>
	<SubTexture name="JumpRight_MouthOpen_Green.png" x="0" y="642" width="121" height="166"/>
	<SubTexture name="JumpRight_MouthOpen_Pink.png" x="361" y="961" width="120" height="163"/>
	<SubTexture name="JumpRight_MouthOpen_Purple.png" x="841" y="651" width="120" height="161"/>
	<SubTexture name="JumpRight_MouthOpen_Red.png" x="849" y="0" width="120" height="166"/>
	<SubTexture name="JumpRight_MouthOpen_White.png" x="123" y="310" width="120" height="164"/>
	<SubTexture name="JumpRight_Smile_Blue.png" x="121" y="805" width="120" height="165"/>
	<SubTexture name="JumpRight_Smile_Brown.png" x="122" y="476" width="120" height="161"/>
	<SubTexture name="JumpRight_Smile_Green.png" x="0" y="974" width="121" height="166"/>
	<SubTexture name="JumpRight_Smile_Pink.png" x="961" y="166" width="120" height="163"/>
	<SubTexture name="JumpRight_Smile_Purple.png" x="1081" y="164" width="120" height="161"/>
	<SubTexture name="JumpRight_Smile_Red.png" x="121" y="970" width="120" height="166"/>
	<SubTexture name="JumpRight_Smile_White.png" x="249" y="0" width="120" height="164"/>
	<SubTexture name="JumpRight_Yellow.png" x="0" y="155" width="129" height="155"/>
	<SubTexture name="Magic.png" x="0" y="1303" width="28" height="14"/>
	<SubTexture name="MagicStar_Right.png" x="360" y="1292" width="38" height="27"/>
	<SubTexture name="Star1.png" x="96" y="1314" width="8" height="6"/>
	<SubTexture name="Star2.png" x="104" y="1314" width="6" height="6"/>
	<SubTexture name="Sword_Update1.png" x="1200" y="1145" width="103" height="32"/>
	<SubTexture name="Sword_Update1_Blue.png" x="362" y="594" width="111" height="33"/>
	<SubTexture name="Sword_Update1_Brown.png" x="481" y="987" width="111" height="33"/>
	<SubTexture name="Sword_Update1_Green.png" x="481" y="1020" width="111" height="33"/>
	<SubTexture name="Sword_Update1_LightBlue.png" x="722" y="327" width="111" height="33"/>
	<SubTexture name="Sword_Update1_Pink.png" x="481" y="1086" width="111" height="33"/>
	<SubTexture name="Sword_Update1_Purple.png" x="603" y="166" width="111" height="33"/>
	<SubTexture name="Sword_Update1_Red.png" x="603" y="199" width="111" height="33"/>
	<SubTexture name="Sword_Update1_White.png" x="603" y="232" width="111" height="33"/>
	<SubTexture name="Sword_Update1_Yellow.png" x="603" y="265" width="111" height="33"/>
	<SubTexture name="Sword_Update2.png" x="1200" y="1241" width="103" height="32"/>
	<SubTexture name="Sword_Update2_Blue.png" x="129" y="264" width="113" height="33"/>
	<SubTexture name="Sword_Update2_Brown.png" x="243" y="330" width="113" height="33"/>
	<SubTexture name="Sword_Update2_Green.png" x="129" y="231" width="113" height="33"/>
	<SubTexture name="Sword_Update2_LightBlue.png" x="243" y="396" width="113" height="33"/>
	<SubTexture name="Sword_Update2_Pink.png" x="243" y="429" width="113" height="33"/>
	<SubTexture name="Sword_Update2_Purple.png" x="243" y="363" width="113" height="33"/>
	<SubTexture name="Sword_Update2_Red.png" x="129" y="165" width="113" height="33"/>
	<SubTexture name="Sword_Update2_White.png" x="362" y="495" width="113" height="33"/>
	<SubTexture name="Sword_Update2_Yellow.png" x="129" y="198" width="113" height="33"/>
	<SubTexture name="Sword_Update3.png" x="1200" y="1209" width="103" height="32"/>
	<SubTexture name="Sword_Update3_Blue.png" x="722" y="360" width="111" height="33"/>
	<SubTexture name="Sword_Update3_Brown.png" x="722" y="393" width="111" height="33"/>
	<SubTexture name="Sword_Update3_Green.png" x="722" y="426" width="111" height="33"/>
	<SubTexture name="Sword_Update3_LightBlue.png" x="841" y="812" width="111" height="33"/>
	<SubTexture name="Sword_Update3_Pink.png" x="841" y="845" width="111" height="33"/>
	<SubTexture name="Sword_Update3_Purple.png" x="841" y="878" width="111" height="33"/>
	<SubTexture name="Sword_Update3_Red.png" x="842" y="199" width="111" height="33"/>
	<SubTexture name="Sword_Update3_White.png" x="842" y="232" width="111" height="33"/>
	<SubTexture name="Sword_Update3_Yellow.png" x="841" y="911" width="111" height="33"/>
	<SubTexture name="Sword_Update4.png" x="1200" y="1177" width="103" height="32"/>
	<SubTexture name="Sword_Update4_Blue.png" x="842" y="265" width="111" height="33"/>
	<SubTexture name="Sword_Update4_Brown.png" x="362" y="528" width="111" height="33"/>
	<SubTexture name="Sword_Update4_Green.png" x="362" y="561" width="111" height="33"/>
	<SubTexture name="Sword_Update4_LightBlue.png" x="481" y="1053" width="111" height="33"/>
	<SubTexture name="Sword_Update4_Pink.png" x="842" y="166" width="111" height="33"/>
	<SubTexture name="Sword_Update4_Purple.png" x="961" y="690" width="111" height="33"/>
	<SubTexture name="Sword_Update4_Red.png" x="961" y="756" width="111" height="33"/>
	<SubTexture name="Sword_Update4_White.png" x="961" y="723" width="111" height="33"/>
	<SubTexture name="Sword_Update4_Yellow.png" x="961" y="657" width="111" height="33"/>
	<SubTexture name="WalkLeft_MouthOpen_Blue1.png" x="129" y="0" width="120" height="165"/>
	<SubTexture name="WalkLeft_MouthOpen_Blue2.png" x="240" y="1136" width="120" height="165"/>
	<SubTexture name="WalkLeft_MouthOpen_Blue3.png" x="241" y="637" width="120" height="165"/>
	<SubTexture name="WalkLeft_MouthOpen_Brown1.png" x="241" y="802" width="120" height="162"/>
	<SubTexture name="WalkLeft_MouthOpen_Brown2.png" x="241" y="964" width="120" height="162"/>
	<SubTexture name="WalkLeft_MouthOpen_Brown3.png" x="242" y="474" width="120" height="162"/>
	<SubTexture name="WalkLeft_MouthOpen_Green.png" x="360" y="1126" width="120" height="166"/>
	<SubTexture name="WalkLeft_MouthOpen_Green1.png" x="960" y="812" width="120" height="166"/>
	<SubTexture name="WalkLeft_MouthOpen_Green2.png" x="481" y="495" width="120" height="166"/>
	<SubTexture name="WalkLeft_MouthOpen_Pink1.png" x="481" y="661" width="120" height="163"/>
	<SubTexture name="WalkLeft_MouthOpen_Pink2.png" x="481" y="824" width="120" height="163"/>
	<SubTexture name="WalkLeft_MouthOpen_Pink3.png" x="482" y="329" width="120" height="163"/>
	<SubTexture name="WalkLeft_MouthOpen_Purple1.png" x="483" y="161" width="120" height="161"/>
	<SubTexture name="WalkLeft_MouthOpen_Purple2.png" x="489" y="0" width="120" height="161"/>
	<SubTexture name="WalkLeft_MouthOpen_Purple3.png" x="600" y="987" width="120" height="161"/>
	<SubTexture name="WalkLeft_MouthOpen_Red1.png" x="600" y="1148" width="120" height="165"/>
	<SubTexture name="WalkLeft_MouthOpen_Red2.png" x="601" y="492" width="120" height="165"/>
	<SubTexture name="WalkLeft_MouthOpen_Red3.png" x="960" y="1140" width="120" height="165"/>
	<SubTexture name="WalkLeft_MouthOpen_White1.png" x="1200" y="981" width="120" height="164"/>
	<SubTexture name="WalkLeft_MouthOpen_White2.png" x="1089" y="0" width="120" height="164"/>
	<SubTexture name="WalkLeft_MouthOpen_White3.png" x="361" y="797" width="120" height="164"/>
	<SubTexture name="WalkRight_MouthOpen_Blue1.png" x="480" y="1124" width="120" height="165"/>
	<SubTexture name="WalkRight_MouthOpen_Blue2.png" x="362" y="330" width="120" height="165"/>
	<SubTexture name="WalkRight_MouthOpen_Blue3.png" x="363" y="164" width="120" height="165"/>
	<SubTexture name="WalkRight_MouthOpen_Brown1.png" x="841" y="489" width="120" height="162"/>
	<SubTexture name="WalkRight_MouthOpen_Brown2.png" x="960" y="978" width="120" height="162"/>
	<SubTexture name="WalkRight_MouthOpen_Brown3.png" x="841" y="327" width="120" height="162"/>
	<SubTexture name="WalkRight_MouthOpen_Green1.png" x="0" y="808" width="121" height="166"/>
	<SubTexture name="WalkRight_MouthOpen_Green2.png" x="1200" y="649" width="120" height="166"/>
	<SubTexture name="WalkRight_MouthOpen_Green3.png" x="1200" y="815" width="120" height="166"/>
	<SubTexture name="WalkRight_MouthOpen_Pink1.png" x="121" y="642" width="120" height="163"/>
	<SubTexture name="WalkRight_MouthOpen_Pink2.png" x="120" y="1140" width="120" height="163"/>
	<SubTexture name="WalkRight_MouthOpen_Pink3.png" x="1081" y="486" width="120" height="163"/>
	<SubTexture name="WalkRight_MouthOpen_Purple1.png" x="1081" y="325" width="120" height="161"/>
	<SubTexture name="WalkRight_MouthOpen_Purple2.png" x="1080" y="1152" width="120" height="161"/>
	<SubTexture name="WalkRight_MouthOpen_Purple3.png" x="0" y="1140" width="120" height="161"/>
	<SubTexture name="WalkRight_MouthOpen_Red1.png" x="1080" y="987" width="120" height="165"/>
	<SubTexture name="WalkRight_MouthOpen_Red2.png" x="1080" y="822" width="120" height="165"/>
	<SubTexture name="WalkRight_MouthOpen_Red3.png" x="1080" y="657" width="120" height="165"/>
	<SubTexture name="WalkRight_MouthOpen_White1.png" x="969" y="0" width="120" height="164"/>
	<SubTexture name="WalkRight_MouthOpen_White2.png" x="961" y="493" width="120" height="164"/>
	<SubTexture name="WalkRight_MouthOpen_White3.png" x="961" y="329" width="120" height="164"/>
</TextureAtlas>